name,type,value,date
姚琛,,246697,12:09:52
何洛洛,,253146,12:09:52
刘也,,72655,12:09:52
任豪,,98900,12:09:52
夏之光,,302029,12:09:52
焉栩嘉,,301198,12:09:52
翟潇闻,,286132,12:09:52
张颜齐,,249023,12:09:52
赵磊,,185048,12:09:52
赵让,,67979,12:09:52
周震南,,409647,12:09:52
何洛洛,,253153,12:22:06
刘也,,72655,12:22:06
任豪,,98900,12:22:06
夏之光,,302039,12:22:06
焉栩嘉,,330729,12:22:06
姚琛,,246697,12:22:06
翟潇闻,,287314,12:22:06
张颜齐,,249028,12:22:06
赵磊,,185048,12:22:06
赵让,,67979,12:22:06
周震南,,409647,12:22:06
何洛洛,,253153,12:39:51
刘也,,72655,12:39:51
任豪,,98900,12:39:51
夏之光,,305803,12:39:51
焉栩嘉,,330731,12:39:51
姚琛,,246697,12:39:51
翟潇闻,,287315,12:39:51
张颜齐,,249028,12:39:51
赵磊,,185134,12:39:51
赵让,,67979,12:39:51
周震南,,409647,12:39:51
何洛洛,,253153,12:59:51
刘也,,72655,12:59:51
任豪,,98901,12:59:51
夏之光,,309736,12:59:51
焉栩嘉,,330733,12:59:51
姚琛,,246697,12:59:51
翟潇闻,,287321,12:59:51
张颜齐,,249028,12:59:51
赵磊,,185175,12:59:51
赵让,,67984,12:59:51
周震南,,409647,12:59:51
何洛洛,,253091,13:19:51
刘也,,72655,13:19:51
任豪,,98901,13:19:51
夏之光,,311532,13:19:51
焉栩嘉,,330745,13:19:51
姚琛,,246697,13:19:51
翟潇闻,,289515,13:19:51
张颜齐,,249028,13:19:51
赵磊,,185218,13:19:51
赵让,,67984,13:19:51
周震南,,409710,13:19:51
何洛洛,,253097,13:39:51
刘也,,72655,13:39:51
任豪,,98901,13:39:51
夏之光,,311773,13:39:51
焉栩嘉,,330699,13:39:51
姚琛,,246698,13:39:51
翟潇闻,,289516,13:39:51
张颜齐,,249028,13:39:51
赵磊,,185378,13:39:51
赵让,,67984,13:39:51
周震南,,409713,13:39:51
何洛洛,,253097,13:59:51
刘也,,72655,13:59:51
任豪,,98903,13:59:51
夏之光,,311834,13:59:51
焉栩嘉,,330699,13:59:51
姚琛,,246698,13:59:51
翟潇闻,,289516,13:59:51
张颜齐,,249028,13:59:51
赵磊,,185840,13:59:51
赵让,,67984,13:59:51
周震南,,409742,13:59:51
何洛洛,,253097,14:19:51
刘也,,72655,14:19:51
任豪,,98904,14:19:51
夏之光,,311845,14:19:51
焉栩嘉,,330706,14:19:51
姚琛,,246698,14:19:51
翟潇闻,,290340,14:19:51
张颜齐,,249028,14:19:51
赵磊,,187597,14:19:51
赵让,,67984,14:19:51
周震南,,409746,14:19:51
何洛洛,,253097,14:39:51
刘也,,72655,14:39:51
任豪,,98904,14:39:51
夏之光,,311960,14:39:51
焉栩嘉,,330706,14:39:51
姚琛,,246698,14:39:51
翟潇闻,,290363,14:39:51
张颜齐,,249118,14:39:51
赵磊,,187816,14:39:51
赵让,,67984,14:39:51
周震南,,409802,14:39:51
何洛洛,,253097,14:59:51
刘也,,72655,14:59:51
任豪,,98904,14:59:51
夏之光,,312542,14:59:51
焉栩嘉,,330706,14:59:51
姚琛,,246698,14:59:51
翟潇闻,,290364,14:59:51
张颜齐,,249118,14:59:51
赵磊,,187944,14:59:51
赵让,,67984,14:59:51
周震南,,409809,14:59:51
何洛洛,,253097,15:19:52
刘也,,72655,15:19:52
任豪,,98904,15:19:52
夏之光,,312549,15:19:52
焉栩嘉,,330706,15:19:52
姚琛,,246698,15:19:52
翟潇闻,,290371,15:19:52
张颜齐,,249118,15:19:52
赵磊,,188040,15:19:52
赵让,,67984,15:19:52
周震南,,409815,15:19:52
何洛洛,,253097,15:39:51
刘也,,72656,15:39:51
任豪,,98904,15:39:51
夏之光,,312582,15:39:51
焉栩嘉,,330757,15:39:51
姚琛,,246698,15:39:51
翟潇闻,,290371,15:39:51
张颜齐,,249118,15:39:51
赵磊,,188152,15:39:51
赵让,,67984,15:39:51
周震南,,409827,15:39:51
何洛洛,,253097,15:59:52
刘也,,72656,15:59:52
任豪,,98904,15:59:52
夏之光,,313293,15:59:52
焉栩嘉,,330758,15:59:52
姚琛,,246698,15:59:52
翟潇闻,,290709,15:59:52
张颜齐,,249118,15:59:52
赵磊,,188225,15:59:52
赵让,,67986,15:59:52
周震南,,409828,15:59:52
何洛洛,,253097,16:19:51
刘也,,72656,16:19:51
任豪,,98906,16:19:51
夏之光,,313313,16:19:51
焉栩嘉,,330760,16:19:51
姚琛,,246699,16:19:51
翟潇闻,,290713,16:19:51
张颜齐,,249118,16:19:51
赵磊,,188320,16:19:51
赵让,,67986,16:19:51
周震南,,409835,16:19:51
何洛洛,,253097,16:39:52
刘也,,72656,16:39:52
任豪,,98906,16:39:52
夏之光,,313318,16:39:52
焉栩嘉,,330762,16:39:52
姚琛,,246699,16:39:52
翟潇闻,,290726,16:39:52
张颜齐,,249118,16:39:52
赵磊,,189570,16:39:52
赵让,,67986,16:39:52
周震南,,409840,16:39:52
何洛洛,,253097,16:59:52
刘也,,72656,16:59:52
任豪,,98906,16:59:52
夏之光,,313329,16:59:52
焉栩嘉,,330764,16:59:52
姚琛,,246699,16:59:52
翟潇闻,,290727,16:59:52
张颜齐,,249118,16:59:52
赵磊,,189640,16:59:52
赵让,,67986,16:59:52
周震南,,409845,16:59:52
何洛洛,,253097,17:19:52
刘也,,72656,17:19:52
任豪,,98906,17:19:52
夏之光,,313613,17:19:52
焉栩嘉,,330765,17:19:52
姚琛,,246699,17:19:52
翟潇闻,,290727,17:19:52
张颜齐,,249123,17:19:52
赵磊,,189718,17:19:52
赵让,,67986,17:19:52
周震南,,409848,17:19:52
何洛洛,,253097,17:39:51
刘也,,72656,17:39:51
任豪,,98906,17:39:51
夏之光,,313867,17:39:51
焉栩嘉,,330765,17:39:51
姚琛,,246699,17:39:51
翟潇闻,,290729,17:39:51
张颜齐,,249123,17:39:51
赵磊,,189915,17:39:51
赵让,,67986,17:39:51
周震南,,409848,17:39:51
何洛洛,,253097,17:59:51
刘也,,72656,17:59:51
任豪,,98906,17:59:51
夏之光,,314034,17:59:51
焉栩嘉,,330766,17:59:51
姚琛,,246699,17:59:51
翟潇闻,,290730,17:59:51
张颜齐,,249124,17:59:51
赵磊,,190514,17:59:51
赵让,,67986,17:59:51
周震南,,409855,17:59:51
何洛洛,,253097,18:19:51
刘也,,72656,18:19:51
任豪,,98906,18:19:51
夏之光,,360739,18:19:51
焉栩嘉,,330766,18:19:51
姚琛,,246700,18:19:51
翟潇闻,,290733,18:19:51
张颜齐,,249126,18:19:51
赵磊,,190556,18:19:51
赵让,,67987,18:19:51
周震南,,409758,18:19:51
何洛洛,,253097,18:39:52
刘也,,72656,18:39:52
任豪,,98906,18:39:52
夏之光,,362686,18:39:52
焉栩嘉,,330773,18:39:52
姚琛,,246700,18:39:52
翟潇闻,,291092,18:39:52
张颜齐,,249128,18:39:52
赵磊,,190698,18:39:52
赵让,,67987,18:39:52
周震南,,437115,18:39:52
何洛洛,,253097,18:59:51
刘也,,72656,18:59:51
任豪,,98906,18:59:51
夏之光,,362977,18:59:51
焉栩嘉,,330775,18:59:51
姚琛,,246700,18:59:51
翟潇闻,,291652,18:59:51
张颜齐,,249128,18:59:51
赵磊,,192010,18:59:51
赵让,,67987,18:59:51
周震南,,438671,18:59:51
何洛洛,,253097,19:09:52
刘也,,72656,19:09:52
任豪,,98909,19:09:52
夏之光,,363457,19:09:52
焉栩嘉,,330781,19:09:52
姚琛,,246700,19:09:52
翟潇闻,,291701,19:09:52
张颜齐,,249128,19:09:52
赵磊,,192038,19:09:52
赵让,,67987,19:09:52
周震南,,439118,19:09:52
何洛洛,,253097,19:19:52
刘也,,72656,19:19:52
任豪,,98909,19:19:52
夏之光,,363553,19:19:52
焉栩嘉,,330789,19:19:52
姚琛,,246700,19:19:52
翟潇闻,,291714,19:19:52
张颜齐,,249128,19:19:52
赵磊,,192091,19:19:52
赵让,,67987,19:19:52
周震南,,439596,19:19:52
何洛洛,,253097,19:29:51
刘也,,72656,19:29:51
任豪,,98907,19:29:51
夏之光,,363585,19:29:51
焉栩嘉,,330831,19:29:51
姚琛,,246700,19:29:51
翟潇闻,,291721,19:29:51
张颜齐,,249132,19:29:51
赵磊,,192188,19:29:51
赵让,,67987,19:29:51
周震南,,440076,19:29:51
何洛洛,,253097,19:39:52
刘也,,72657,19:39:52
任豪,,98907,19:39:52
夏之光,,363712,19:39:52
焉栩嘉,,330832,19:39:52
姚琛,,246699,19:39:52
翟潇闻,,291728,19:39:52
张颜齐,,249132,19:39:52
赵磊,,192238,19:39:52
赵让,,67987,19:39:52
周震南,,441332,19:39:52
何洛洛,,253097,19:49:51
刘也,,72657,19:49:51
任豪,,98907,19:49:51
夏之光,,363803,19:49:51
焉栩嘉,,330833,19:49:51
姚琛,,246700,19:49:51
翟潇闻,,291775,19:49:51
张颜齐,,249136,19:49:51
赵磊,,192272,19:49:51
赵让,,67988,19:49:51
周震南,,441847,19:49:51
何洛洛,,253099,19:59:52
刘也,,72657,19:59:52
任豪,,98907,19:59:52
夏之光,,363831,19:59:52
焉栩嘉,,330852,19:59:52
姚琛,,246700,19:59:52
翟潇闻,,291833,19:59:52
张颜齐,,249137,19:59:52
赵磊,,193393,19:59:52
赵让,,67988,19:59:52
周震南,,442353,19:59:52
何洛洛,,253099,20:09:51
刘也,,72659,20:09:51
任豪,,98907,20:09:51
夏之光,,363853,20:09:51
焉栩嘉,,330862,20:09:51
姚琛,,246700,20:09:51
翟潇闻,,291950,20:09:51
张颜齐,,249144,20:09:51
赵磊,,193569,20:09:51
赵让,,67988,20:09:51
周震南,,442708,20:09:51
何洛洛,,253101,20:19:51
刘也,,72659,20:19:51
任豪,,98907,20:19:51
夏之光,,364279,20:19:51
焉栩嘉,,330869,20:19:51
姚琛,,246700,20:19:51
翟潇闻,,291999,20:19:51
张颜齐,,249195,20:19:51
赵磊,,193680,20:19:51
赵让,,67988,20:19:51
周震南,,442832,20:19:51
何洛洛,,253101,20:29:51
刘也,,72659,20:29:51
任豪,,98912,20:29:51
夏之光,,364356,20:29:51
焉栩嘉,,330886,20:29:51
姚琛,,246700,20:29:51
翟潇闻,,292041,20:29:51
张颜齐,,249192,20:29:51
赵磊,,193762,20:29:51
赵让,,67988,20:29:51
周震南,,443057,20:29:51
何洛洛,,253101,20:39:51
刘也,,72659,20:39:51
任豪,,98912,20:39:51
夏之光,,364516,20:39:51
焉栩嘉,,330893,20:39:51
姚琛,,246700,20:39:51
翟潇闻,,292064,20:39:51
张颜齐,,249193,20:39:51
赵磊,,193865,20:39:51
赵让,,67988,20:39:51
周震南,,443378,20:39:51
何洛洛,,253101,20:49:51
刘也,,72659,20:49:51
任豪,,98912,20:49:51
夏之光,,364613,20:49:51
焉栩嘉,,330923,20:49:51
姚琛,,246700,20:49:51
翟潇闻,,292092,20:49:51
张颜齐,,249197,20:49:51
赵磊,,193911,20:49:51
赵让,,67990,20:49:51
周震南,,444042,20:49:51
何洛洛,,253101,20:59:51
刘也,,72624,20:59:51
任豪,,98912,20:59:51
夏之光,,364662,20:59:51
焉栩嘉,,330952,20:59:51
姚琛,,246700,20:59:51
翟潇闻,,292161,20:59:51
张颜齐,,249200,20:59:51
赵磊,,194596,20:59:51
赵让,,67990,20:59:51
周震南,,444295,20:59:51
何洛洛,,253101,21:09:51
刘也,,72624,21:09:51
任豪,,98912,21:09:51
夏之光,,365083,21:09:51
焉栩嘉,,330973,21:09:51
姚琛,,246700,21:09:51
翟潇闻,,292259,21:09:51
张颜齐,,249201,21:09:51
赵磊,,194681,21:09:51
赵让,,67990,21:09:51
周震南,,444424,21:09:51
何洛洛,,253101,21:19:51
刘也,,72627,21:19:51
任豪,,98912,21:19:51
夏之光,,367956,21:19:51
焉栩嘉,,330988,21:19:51
姚琛,,246700,21:19:51
翟潇闻,,292263,21:19:51
张颜齐,,249201,21:19:51
赵磊,,195732,21:19:51
赵让,,67990,21:19:51
周震南,,444485,21:19:51
何洛洛,,253101,21:39:52
刘也,,72627,21:39:52
任豪,,98912,21:39:52
夏之光,,368229,21:39:52
焉栩嘉,,331081,21:39:52
姚琛,,246705,21:39:52
翟潇闻,,292781,21:39:52
张颜齐,,249201,21:39:52
赵磊,,196924,21:39:52
赵让,,67990,21:39:52
周震南,,444778,21:39:52
何洛洛,,253101,21:49:51
刘也,,72627,21:49:51
任豪,,98912,21:49:51
夏之光,,368394,21:49:51
焉栩嘉,,331096,21:49:51
姚琛,,246705,21:49:51
翟潇闻,,292835,21:49:51
张颜齐,,250902,21:49:51
赵磊,,197006,21:49:51
赵让,,67990,21:49:51
周震南,,444872,21:49:51
何洛洛,,253101,21:59:52
刘也,,72627,21:59:52
任豪,,98912,21:59:52
夏之光,,368484,21:59:52
焉栩嘉,,331125,21:59:52
姚琛,,246705,21:59:52
翟潇闻,,292864,21:59:52
张颜齐,,250902,21:59:52
赵磊,,197108,21:59:52
赵让,,67991,21:59:52
周震南,,444916,21:59:52
何洛洛,,253155,22:04:51
刘也,,72627,22:04:51
任豪,,98912,22:04:51
夏之光,,368507,22:04:51
焉栩嘉,,331079,22:04:51
姚琛,,246705,22:04:51
翟潇闻,,295098,22:04:51
张颜齐,,251512,22:04:51
赵磊,,197155,22:04:51
赵让,,67991,22:04:51
周震南,,444991,22:04:51
何洛洛,,253156,22:09:51
刘也,,72627,22:09:51
任豪,,98912,22:09:51
夏之光,,368741,22:09:51
焉栩嘉,,331192,22:09:51
姚琛,,246705,22:09:51
翟潇闻,,298374,22:09:51
张颜齐,,251512,22:09:51
赵磊,,197167,22:09:51
赵让,,67991,22:09:51
周震南,,445034,22:09:51
何洛洛,,253156,22:14:52
刘也,,72627,22:14:52
任豪,,98912,22:14:52
夏之光,,369285,22:14:52
焉栩嘉,,331232,22:14:52
姚琛,,246705,22:14:52
翟潇闻,,298391,22:14:52
张颜齐,,251512,22:14:52
赵磊,,197236,22:14:52
赵让,,67991,22:14:52
周震南,,445082,22:14:52
何洛洛,,253156,22:19:51
刘也,,72627,22:19:51
任豪,,98912,22:19:51
夏之光,,369399,22:19:51
焉栩嘉,,331240,22:19:51
姚琛,,246705,22:19:51
翟潇闻,,298398,22:19:51
张颜齐,,251512,22:19:51
赵磊,,197389,22:19:51
赵让,,67991,22:19:51
周震南,,445081,22:19:51
何洛洛,,253156,22:24:52
刘也,,72627,22:24:52
任豪,,98912,22:24:52
夏之光,,369440,22:24:52
焉栩嘉,,331275,22:24:52
姚琛,,246705,22:24:52
翟潇闻,,298557,22:24:52
张颜齐,,251514,22:24:52
赵磊,,197497,22:24:52
赵让,,67991,22:24:52
周震南,,445110,22:24:52
何洛洛,,253156,22:29:52
刘也,,72627,22:29:52
任豪,,98912,22:29:52
夏之光,,369473,22:29:52
焉栩嘉,,331251,22:29:52
姚琛,,246705,22:29:52
翟潇闻,,298626,22:29:52
张颜齐,,251516,22:29:52
赵磊,,197516,22:29:52
赵让,,67991,22:29:52
周震南,,445119,22:29:52
何洛洛,,253156,22:34:51
刘也,,72627,22:34:51
任豪,,98912,22:34:51
夏之光,,369513,22:34:51
焉栩嘉,,331312,22:34:51
姚琛,,246705,22:34:51
翟潇闻,,298639,22:34:51
张颜齐,,251519,22:34:51
赵磊,,197546,22:34:51
赵让,,67991,22:34:51
周震南,,445135,22:34:51
何洛洛,,253156,22:39:52
刘也,,72627,22:39:52
任豪,,98912,22:39:52
夏之光,,369627,22:39:52
焉栩嘉,,331345,22:39:52
姚琛,,246705,22:39:52
翟潇闻,,298642,22:39:52
张颜齐,,251519,22:39:52
赵磊,,197680,22:39:52
赵让,,67991,22:39:52
周震南,,445150,22:39:52
何洛洛,,253156,22:44:52
刘也,,72627,22:44:52
任豪,,98912,22:44:52
夏之光,,369650,22:44:52
焉栩嘉,,331439,22:44:52
姚琛,,246705,22:44:52
翟潇闻,,298651,22:44:52
张颜齐,,251529,22:44:52
赵磊,,197788,22:44:52
赵让,,67991,22:44:52
周震南,,445181,22:44:52
何洛洛,,253156,22:49:52
刘也,,72627,22:49:52
任豪,,98912,22:49:52
夏之光,,369676,22:49:52
焉栩嘉,,331455,22:49:52
姚琛,,246705,22:49:52
翟潇闻,,298652,22:49:52
张颜齐,,251534,22:49:52
赵磊,,197818,22:49:52
赵让,,67991,22:49:52
周震南,,445204,22:49:52
何洛洛,,253156,22:54:51
刘也,,72627,22:54:51
任豪,,98913,22:54:51
夏之光,,370949,22:54:51
焉栩嘉,,331480,22:54:51
姚琛,,246705,22:54:51
翟潇闻,,298662,22:54:51
张颜齐,,251534,22:54:51
赵磊,,198135,22:54:51
赵让,,67991,22:54:51
周震南,,445212,22:54:51
何洛洛,,253156,23:04:56
刘也,,72627,23:04:56
任豪,,98913,23:04:56
夏之光,,370965,23:04:56
焉栩嘉,,331570,23:04:56
姚琛,,246705,23:04:56
翟潇闻,,298602,23:04:56
张颜齐,,251534,23:04:56
赵磊,,198178,23:04:56
赵让,,67991,23:04:56
周震南,,445270,23:04:56
何洛洛,,253157,23:14:51
刘也,,72627,23:14:51
任豪,,98913,23:14:51
夏之光,,371158,23:14:51
焉栩嘉,,331994,23:14:51
姚琛,,246705,23:14:51
翟潇闻,,298612,23:14:51
张颜齐,,251534,23:14:51
赵磊,,198209,23:14:51
赵让,,67991,23:14:51
周震南,,468500,23:14:51
何洛洛,,253157,23:19:56
刘也,,72627,23:19:56
任豪,,98913,23:19:56
夏之光,,371212,23:19:56
焉栩嘉,,335949,23:19:56
姚琛,,246705,23:19:56
翟潇闻,,298652,23:19:56
张颜齐,,251536,23:19:56
赵磊,,198221,23:19:56
赵让,,67991,23:19:56
周震南,,468713,23:19:56
何洛洛,,253157,23:24:58
刘也,,72629,23:24:58
任豪,,98916,23:24:58
夏之光,,376846,23:24:58
焉栩嘉,,336364,23:24:58
姚琛,,246705,23:24:58
翟潇闻,,298662,23:24:58
张颜齐,,251536,23:24:58
赵磊,,198224,23:24:58
赵让,,67991,23:24:58
周震南,,468822,23:24:58
何洛洛,,253157,23:29:57
刘也,,72630,23:29:57
任豪,,98916,23:29:57
夏之光,,377961,23:29:57
焉栩嘉,,336501,23:29:57
姚琛,,246705,23:29:57
翟潇闻,,298671,23:29:57
张颜齐,,251537,23:29:57
赵磊,,198227,23:29:57
赵让,,67991,23:29:57
周震南,,469014,23:29:57
何洛洛,,253157,23:34:52
刘也,,72630,23:34:52
任豪,,98916,23:34:52
夏之光,,377985,23:34:52
焉栩嘉,,336646,23:34:52
姚琛,,246705,23:34:52
翟潇闻,,298679,23:34:52
张颜齐,,251707,23:34:52
赵磊,,198241,23:34:52
赵让,,67991,23:34:52
周震南,,469104,23:34:52
何洛洛,,253157,23:39:56
刘也,,72652,23:39:56
任豪,,98916,23:39:56
夏之光,,387008,23:39:56
焉栩嘉,,337055,23:39:56
姚琛,,246708,23:39:56
翟潇闻,,298686,23:39:56
张颜齐,,251731,23:39:56
赵磊,,200639,23:39:56
赵让,,67991,23:39:56
周震南,,469174,23:39:56
何洛洛,,253185,23:44:53
刘也,,72655,23:44:53
任豪,,98918,23:44:53
夏之光,,387133,23:44:53
焉栩嘉,,337222,23:44:53
姚琛,,246708,23:44:53
翟潇闻,,298884,23:44:53
张颜齐,,251731,23:44:53
赵磊,,200659,23:44:53
赵让,,67991,23:44:53
周震南,,469285,23:44:53
何洛洛,,253185,23:49:52
刘也,,72655,23:49:52
任豪,,98919,23:49:52
夏之光,,387159,23:49:52
焉栩嘉,,355554,23:49:52
姚琛,,246708,23:49:52
翟潇闻,,298906,23:49:52
张颜齐,,251743,23:49:52
赵磊,,200674,23:49:52
赵让,,67991,23:49:52
周震南,,469583,23:49:52
何洛洛,,253131,23:54:54
刘也,,72655,23:54:54
任豪,,98919,23:54:54
夏之光,,396934,23:54:54
焉栩嘉,,355780,23:54:54
姚琛,,246708,23:54:54
翟潇闻,,313900,23:54:54
张颜齐,,251743,23:54:54
赵磊,,200703,23:54:54
赵让,,67991,23:54:54
周震南,,469696,23:54:54
何洛洛,,253132,23:59:52
刘也,,72655,23:59:52
任豪,,98921,23:59:52
夏之光,,420325,23:59:52
焉栩嘉,,367262,23:59:52
姚琛,,246708,23:59:52
翟潇闻,,313934,23:59:52
张颜齐,,251747,23:59:52
赵磊,,200721,23:59:52
赵让,,68001,23:59:52
周震南,,476645,23:59:52